{"cameraMode":{"drawMode":0,"name":"Shaded","section":"Shading Mode"},"sceneLighting":true,"audioPlay":false,"sceneViewState":{"showFog":true,"showMaterialUpdate":false,"showSkybox":true,"showFlares":true,"showImageEffects":true,"showParticleSystems":true},"in2DMode":false,"pivot":{"x":0.42937254905700686,"y":0.36121249198913576,"z":0.5902307033538818},"rotation":{"x":-0.4143371284008026,"y":-0.3429906666278839,"z":0.17220868170261384,"w":-0.8252419233322144},"size":3.8975751399993898,"orthographic":false}